A,Agilent Technologies Inc. Common Stock
AA,Alcoa Corporation Common Stock
AAC,Ares Acquisition Corporation Class A Ordinary Shares
AACG,ATA Creativity Global American Depositary Shares
AACQ,Artius Acquisition Inc. Class A Common Stock
AACQU,Artius Acquisition Inc. Unit
AACQW,Artius Acquisition Inc Warrant
AAIC,Arlington Asset Investment Corp Class A (new)
AAIC^B,Arlington Asset Investment Corp 7.00%
AAIC^C,Arlington Asset Investment Corp 8.250% Seies C Fixed-to-Floating Rate Cumulative Redeemable Preferred Stock
AAL,American Airlines Group Inc. Common Stock
AAMC,Altisource Asset Management Corp Com
AAME,Atlantic American Corporation Common Stock
AAN,Aarons Holdings Company Inc. Common Stock
AAOI,Applied Optoelectronics Inc. Common Stock
AAON,AAON Inc. Common Stock
AAP,Advance Auto Parts Inc Advance Auto Parts Inc W/I
AAPL,Apple Inc. Common Stock
AAT,American Assets Trust Inc. Common Stock
AAU,Almaden Minerals Ltd. Common Shares